<?xml version="1.0" encoding="UTF-8" standalone="no"?>
<database name="postgres" schema="public" type="PostgreSQL - 9.5.0">
   <tables>
      <table name="accommodations" numRows="0" remarks="" schema="public" type="TABLE">
         <column autoUpdated="true" defaultValue="nextval('accommodations_id_seq'::regclass)" digits="0" id="0" name="id" nullable="false" remarks="" size="10" type="serial">
            <child column="accommodation_id" foreignKey="entries_accommodation_id_fkey" implied="false" onDeleteCascade="false" table="entries"/>
         </column>
         <column autoUpdated="false" digits="0" id="1" name="description" nullable="false" remarks="" size="150" type="varchar"/>
         <column autoUpdated="false" digits="0" id="2" name="location" nullable="false" remarks="" size="150" type="varchar"/>
         <column autoUpdated="false" digits="0" id="3" name="fee" nullable="false" remarks="" size="5" type="int2"/>
         <column autoUpdated="false" digits="0" id="4" name="conference_id" nullable="false" remarks="" size="10" type="int4">
            <parent column="id" foreignKey="accommodations_conference_id_fkey" implied="false" onDeleteCascade="false" table="conferences"/>
         </column>
         <primaryKey column="id" sequenceNumberInPK="1"/>
         <index name="accommodations_pkey" unique="true">
            <column ascending="true" name="id"/>
         </index>
      </table>
      <table name="administrators" numRows="0" remarks="" schema="public" type="TABLE">
         <column autoUpdated="true" defaultValue="nextval('administrators_id_seq'::regclass)" digits="0" id="0" name="id" nullable="false" remarks="" size="10" type="serial">
            <child column="administrator_id" foreignKey="conferences_administrator_id_fkey" implied="false" onDeleteCascade="false" table="conferences"/>
         </column>
         <column autoUpdated="false" digits="0" id="1" name="user_id" nullable="false" remarks="" size="10" type="int4">
            <parent column="id" foreignKey="administrators_user_id_fkey" implied="false" onDeleteCascade="false" table="users"/>
         </column>
         <primaryKey column="id" sequenceNumberInPK="1"/>
         <index name="administrators_pkey" unique="true">
            <column ascending="true" name="id"/>
         </index>
         <index name="administrators_user_id_key" unique="true">
            <column ascending="true" name="user_id"/>
         </index>
      </table>
      <table name="applications" numRows="0" remarks="" schema="public" type="TABLE">
         <column autoUpdated="true" defaultValue="nextval('applications_id_seq'::regclass)" digits="0" id="0" name="id" nullable="false" remarks="" size="10" type="serial">
            <child column="application_id" foreignKey="reviews_application_id_fkey" implied="false" onDeleteCascade="false" table="reviews"/>
         </column>
         <column autoUpdated="false" digits="0" id="1" name="conference_id" nullable="false" remarks="" size="10" type="int4">
            <parent column="id" foreignKey="applications_conference_id_fkey" implied="false" onDeleteCascade="false" table="conferences"/>
         </column>
         <column autoUpdated="false" digits="0" id="2" name="paper_id" nullable="false" remarks="" size="10" type="int4">
            <parent column="id" foreignKey="applications_paper_id_fkey" implied="false" onDeleteCascade="false" table="papers"/>
         </column>
         <primaryKey column="id" sequenceNumberInPK="1"/>
         <index name="applications_pkey" unique="true">
            <column ascending="true" name="id"/>
         </index>
         <index name="applications_uq_conference_id_paper_id" unique="true">
            <column ascending="true" name="conference_id"/>
            <column ascending="true" name="paper_id"/>
         </index>
      </table>
      <table name="conferences" numRows="0" remarks="" schema="public" type="TABLE">
         <column autoUpdated="true" defaultValue="nextval('conferences_id_seq'::regclass)" digits="0" id="0" name="id" nullable="false" remarks="" size="10" type="serial">
            <child column="conference_id" foreignKey="accommodations_conference_id_fkey" implied="false" onDeleteCascade="false" table="accommodations"/>
            <child column="conference_id" foreignKey="applications_conference_id_fkey" implied="false" onDeleteCascade="false" table="applications"/>
            <child column="conference_id" foreignKey="entries_conference_id_fkey" implied="false" onDeleteCascade="false" table="entries"/>
            <child column="conference_id" foreignKey="revs_alloc_conference_id_fkey" implied="false" onDeleteCascade="false" table="revs_alloc"/>
            <child column="conference_id" foreignKey="speeches_conference_id_fkey" implied="false" onDeleteCascade="false" table="speeches"/>
         </column>
         <column autoUpdated="false" digits="0" id="1" name="topic" nullable="false" remarks="" size="250" type="varchar"/>
         <column autoUpdated="false" digits="6" id="2" name="conf_datetime" nullable="false" remarks="" size="29" type="timestamp"/>
         <column autoUpdated="false" digits="0" id="3" name="fee" nullable="false" remarks="" size="5" type="int2"/>
         <column autoUpdated="false" digits="0" id="4" name="max_places" nullable="false" remarks="" size="5" type="int2"/>
         <column autoUpdated="false" digits="0" id="5" name="location" nullable="false" remarks="" size="150" type="varchar"/>
         <column autoUpdated="false" digits="0" id="6" name="administrator_id" nullable="false" remarks="" size="10" type="int4">
            <parent column="id" foreignKey="conferences_administrator_id_fkey" implied="false" onDeleteCascade="false" table="administrators"/>
         </column>
         <primaryKey column="id" sequenceNumberInPK="1"/>
         <index name="conferences_pkey" unique="true">
            <column ascending="true" name="id"/>
         </index>
      </table>
      <table name="entries" numRows="0" remarks="" schema="public" type="TABLE">
         <column autoUpdated="true" defaultValue="nextval('entries_id_seq'::regclass)" digits="0" id="0" name="id" nullable="false" remarks="" size="10" type="serial">
            <child column="entry_id" foreignKey="payments_entry_id_fkey" implied="false" onDeleteCascade="false" table="payments"/>
         </column>
         <column autoUpdated="false" digits="0" id="1" name="conference_id" nullable="false" remarks="" size="10" type="int4">
            <parent column="id" foreignKey="entries_conference_id_fkey" implied="false" onDeleteCascade="false" table="conferences"/>
         </column>
         <column autoUpdated="false" digits="0" id="2" name="accommodation_id" nullable="false" remarks="" size="10" type="int4">
            <parent column="id" foreignKey="entries_accommodation_id_fkey" implied="false" onDeleteCascade="false" table="accommodations"/>
         </column>
         <column autoUpdated="false" digits="0" id="3" name="user_id" nullable="false" remarks="" size="10" type="int4">
            <parent column="id" foreignKey="entries_user_id_fkey" implied="false" onDeleteCascade="false" table="users"/>
         </column>
         <primaryKey column="id" sequenceNumberInPK="1"/>
         <index name="entries_pkey" unique="true">
            <column ascending="true" name="id"/>
         </index>
         <index name="entries_uq_accommodation_id_user_id" unique="true">
            <column ascending="true" name="accommodation_id"/>
            <column ascending="true" name="user_id"/>
         </index>
         <index name="entries_uq_conference_id_user_id" unique="true">
            <column ascending="true" name="conference_id"/>
            <column ascending="true" name="user_id"/>
         </index>
      </table>
      <table name="papers" numRows="0" remarks="" schema="public" type="TABLE">
         <column autoUpdated="true" defaultValue="nextval('papers_id_seq'::regclass)" digits="0" id="0" name="id" nullable="false" remarks="" size="10" type="serial">
            <child column="paper_id" foreignKey="applications_paper_id_fkey" implied="false" onDeleteCascade="false" table="applications"/>
            <child column="paper_id" foreignKey="speeches_paper_id_fkey" implied="false" onDeleteCascade="false" table="speeches"/>
         </column>
         <column autoUpdated="false" digits="0" id="1" name="topic" nullable="false" remarks="" size="100" type="varchar"/>
         <column autoUpdated="false" digits="0" id="2" name="introdution" nullable="false" remarks="" size="2147483647" type="bytea"/>
         <column autoUpdated="false" digits="0" id="3" name="main_content" nullable="false" remarks="" size="2147483647" type="bytea"/>
         <column autoUpdated="false" digits="0" id="4" name="user_id" nullable="false" remarks="" size="10" type="int4">
            <parent column="id" foreignKey="papers_user_id_fkey" implied="false" onDeleteCascade="false" table="users"/>
         </column>
         <primaryKey column="id" sequenceNumberInPK="1"/>
         <index name="papers_pkey" unique="true">
            <column ascending="true" name="id"/>
         </index>
      </table>
      <table name="payments" numRows="0" remarks="" schema="public" type="TABLE">
         <column autoUpdated="true" defaultValue="nextval('payments_id_seq'::regclass)" digits="0" id="0" name="id" nullable="false" remarks="" size="10" type="serial"/>
         <column autoUpdated="false" digits="0" id="1" name="fee" nullable="false" remarks="" size="5" type="int2"/>
         <column autoUpdated="false" digits="0" id="2" name="entry_id" nullable="false" remarks="" size="10" type="int4">
            <parent column="id" foreignKey="payments_entry_id_fkey" implied="false" onDeleteCascade="false" table="entries"/>
         </column>
         <column autoUpdated="false" digits="0" id="3" name="user_id" nullable="false" remarks="" size="10" type="int4">
            <parent column="id" foreignKey="payments_user_id_fkey" implied="false" onDeleteCascade="false" table="users"/>
         </column>
         <primaryKey column="id" sequenceNumberInPK="1"/>
         <index name="payments_pkey" unique="true">
            <column ascending="true" name="id"/>
         </index>
         <index name="payments_uq_entry_id_user_id" unique="true">
            <column ascending="true" name="entry_id"/>
            <column ascending="true" name="user_id"/>
         </index>
      </table>
      <table name="reviewers" numRows="0" remarks="" schema="public" type="TABLE">
         <column autoUpdated="true" defaultValue="nextval('reviewers_id_seq'::regclass)" digits="0" id="0" name="id" nullable="false" remarks="" size="10" type="serial">
            <child column="reviewer_id" foreignKey="reviews_reviewer_id_fkey" implied="false" onDeleteCascade="false" table="reviews"/>
            <child column="reviewer_id" foreignKey="revs_alloc_reviewer_id_fkey" implied="false" onDeleteCascade="false" table="revs_alloc"/>
         </column>
         <column autoUpdated="false" digits="0" id="1" name="knowledge_fields" nullable="false" remarks="" size="250" type="varchar"/>
         <column autoUpdated="false" digits="0" id="2" name="user_id" nullable="false" remarks="" size="10" type="int4">
            <parent column="id" foreignKey="reviewers_user_id_fkey" implied="false" onDeleteCascade="false" table="users"/>
         </column>
         <primaryKey column="id" sequenceNumberInPK="1"/>
         <index name="reviewers_pkey" unique="true">
            <column ascending="true" name="id"/>
         </index>
         <index name="reviewers_user_id_key" unique="true">
            <column ascending="true" name="user_id"/>
         </index>
      </table>
      <table name="reviews" numRows="0" remarks="" schema="public" type="TABLE">
         <column autoUpdated="false" digits="0" id="0" name="reviewer_id" nullable="false" remarks="" size="10" type="int4">
            <parent column="id" foreignKey="reviews_reviewer_id_fkey" implied="false" onDeleteCascade="false" table="reviewers"/>
         </column>
         <column autoUpdated="false" digits="0" id="1" name="application_id" nullable="false" remarks="" size="10" type="int4">
            <parent column="id" foreignKey="reviews_application_id_fkey" implied="false" onDeleteCascade="false" table="applications"/>
         </column>
         <column autoUpdated="false" digits="0" id="2" name="opinion" nullable="false" remarks="" size="250" type="varchar"/>
         <column autoUpdated="false" digits="0" id="3" name="comment_admin" nullable="false" remarks="" size="250" type="varchar"/>
         <column autoUpdated="false" digits="0" id="4" name="topic_rate" nullable="false" remarks="" size="5" type="int2"/>
         <column autoUpdated="false" digits="0" id="5" name="content_rate" nullable="false" remarks="" size="5" type="int2"/>
         <column autoUpdated="false" digits="0" id="6" name="decision" nullable="false" remarks="" size="25" type="varchar"/>
         <primaryKey column="reviewer_id" sequenceNumberInPK="1"/>
         <primaryKey column="application_id" sequenceNumberInPK="2"/>
         <index name="reviews_pkey" unique="true">
            <column ascending="true" name="reviewer_id"/>
            <column ascending="true" name="application_id"/>
         </index>
      </table>
      <table name="revs_alloc" numRows="0" remarks="" schema="public" type="TABLE">
         <column autoUpdated="false" digits="0" id="0" name="conference_id" nullable="false" remarks="" size="10" type="int4">
            <parent column="id" foreignKey="revs_alloc_conference_id_fkey" implied="false" onDeleteCascade="false" table="conferences"/>
         </column>
         <column autoUpdated="false" digits="0" id="1" name="reviewer_id" nullable="false" remarks="" size="10" type="int4">
            <parent column="id" foreignKey="revs_alloc_reviewer_id_fkey" implied="false" onDeleteCascade="false" table="reviewers"/>
         </column>
         <primaryKey column="conference_id" sequenceNumberInPK="1"/>
         <primaryKey column="reviewer_id" sequenceNumberInPK="2"/>
         <index name="revs_alloc_pkey" unique="true">
            <column ascending="true" name="conference_id"/>
            <column ascending="true" name="reviewer_id"/>
         </index>
      </table>
      <table name="speeches" numRows="0" remarks="" schema="public" type="TABLE">
         <column autoUpdated="false" digits="0" id="0" name="conference_id" nullable="false" remarks="" size="10" type="int4">
            <parent column="id" foreignKey="speeches_conference_id_fkey" implied="false" onDeleteCascade="false" table="conferences"/>
         </column>
         <column autoUpdated="false" digits="0" id="1" name="paper_id" nullable="false" remarks="" size="10" type="int4">
            <parent column="id" foreignKey="speeches_paper_id_fkey" implied="false" onDeleteCascade="false" table="papers"/>
         </column>
         <column autoUpdated="false" digits="0" id="2" name="duration_in_min" nullable="false" remarks="" size="5" type="int2"/>
         <column autoUpdated="false" digits="0" id="3" name="order_in_conf" nullable="false" remarks="" size="5" type="int2"/>
         <primaryKey column="conference_id" sequenceNumberInPK="1"/>
         <primaryKey column="paper_id" sequenceNumberInPK="2"/>
         <index name="speeches_pkey" unique="true">
            <column ascending="true" name="conference_id"/>
            <column ascending="true" name="paper_id"/>
         </index>
         <index name="speeches_paper_id_key" unique="true">
            <column ascending="true" name="paper_id"/>
         </index>
      </table>
      <table name="users" numRows="0" remarks="" schema="public" type="TABLE">
         <column autoUpdated="true" defaultValue="nextval('users_id_seq'::regclass)" digits="0" id="0" name="id" nullable="false" remarks="" size="10" type="serial">
            <child column="user_id" foreignKey="administrators_user_id_fkey" implied="false" onDeleteCascade="false" table="administrators"/>
            <child column="user_id" foreignKey="entries_user_id_fkey" implied="false" onDeleteCascade="false" table="entries"/>
            <child column="user_id" foreignKey="papers_user_id_fkey" implied="false" onDeleteCascade="false" table="papers"/>
            <child column="user_id" foreignKey="payments_user_id_fkey" implied="false" onDeleteCascade="false" table="payments"/>
            <child column="user_id" foreignKey="reviewers_user_id_fkey" implied="false" onDeleteCascade="false" table="reviewers"/>
         </column>
         <column autoUpdated="false" digits="0" id="1" name="first_name" nullable="false" remarks="" size="50" type="varchar"/>
         <column autoUpdated="false" digits="0" id="2" name="last_name" nullable="false" remarks="" size="50" type="varchar"/>
         <column autoUpdated="false" digits="0" id="3" name="email" nullable="false" remarks="" size="50" type="varchar"/>
         <column autoUpdated="false" digits="0" id="4" name="password_enc" nullable="false" remarks="" size="250" type="varchar"/>
         <primaryKey column="id" sequenceNumberInPK="1"/>
         <index name="users_pkey" unique="true">
            <column ascending="true" name="id"/>
         </index>
      </table>
   </tables>
</database>
